Model;fit_time_cv1;fit_time_cv2;fit_time_cv3;fit_time_cv4;fit_time_cv5;fit_time_mean;fit_time_std;score_time_cv1;score_time_cv2;score_time_cv3;score_time_cv4;score_time_cv5;score_time_mean;score_time_std;test_acc_cv1;test_acc_cv2;test_acc_cv3;test_acc_cv4;test_acc_cv5;test_acc_mean;test_acc_std;test_balanced_accuracy_cv1;test_balanced_accuracy_cv2;test_balanced_accuracy_cv3;test_balanced_accuracy_cv4;test_balanced_accuracy_cv5;test_balanced_accuracy_mean;test_balanced_accuracy_std;test_prec_cv1;test_prec_cv2;test_prec_cv3;test_prec_cv4;test_prec_cv5;test_prec_mean;test_prec_std;test_recall_cv1;test_recall_cv2;test_recall_cv3;test_recall_cv4;test_recall_cv5;test_recall_mean;test_recall_std;test_f1-score_cv1;test_f1-score_cv2;test_f1-score_cv3;test_f1-score_cv4;test_f1-score_cv5;test_f1-score_mean;test_f1-score_std;test_tp_cv1;test_tp_cv2;test_tp_cv3;test_tp_cv4;test_tp_cv5;test_tp_mean;test_tp_std;test_tn_cv1;test_tn_cv2;test_tn_cv3;test_tn_cv4;test_tn_cv5;test_tn_mean;test_tn_std;test_fp_cv1;test_fp_cv2;test_fp_cv3;test_fp_cv4;test_fp_cv5;test_fp_mean;test_fp_std;test_fn_cv1;test_fn_cv2;test_fn_cv3;test_fn_cv4;test_fn_cv5;test_fn_mean;test_fn_std;test_cohens_kappa_cv1;test_cohens_kappa_cv2;test_cohens_kappa_cv3;test_cohens_kappa_cv4;test_cohens_kappa_cv5;test_cohens_kappa_mean;test_cohens_kappa_std;test_matthews_corrcoef_cv1;test_matthews_corrcoef_cv2;test_matthews_corrcoef_cv3;test_matthews_corrcoef_cv4;test_matthews_corrcoef_cv5;test_matthews_corrcoef_mean;test_matthews_corrcoef_std;test_roc_auc_cv1;test_roc_auc_cv2;test_roc_auc_cv3;test_roc_auc_cv4;test_roc_auc_cv5;test_roc_auc_mean;test_roc_auc_std;fit_time_overall;score_time_overall;acc_overall;balanced_accuracy_overall;prec_overall;recall_overall;f1-score_overall;tp_overall;tn_overall;fp_overall;fn_overall;cohens_kappa_overall;matthews_corrcoef_overall;roc_auc_overall
NB_Count_Vectors;0.14885711669921875;0.1645669937133789;0.19388198852539062;0.18510007858276367;0.05520939826965332;0.14952311515808106;0.04970969523580378;0.13992714881896973;0.17987322807312012;0.12386894226074219;0.13861775398254395;0.029285907745361328;0.12231459617614746;0.050091404320123885;0.7818740399385561;0.7709454265949269;0.7594158339738662;0.7594158339738662;0.7686395080707148;0.768058128510386;0.008353830387614065;0.7755087982669504;0.7637845953251103;0.7527493052383127;0.7518582495812396;0.7625449691640018;0.761289183515123;0.00862407742585549;0.801923076923077;0.793713163064833;0.7741312741312741;0.7817460317460317;0.7813688212927756;0.7865764734315983;0.00991752359157483;0.697324414715719;0.6767169179229481;0.6716917922948074;0.6599664991624791;0.6884422110552764;0.6788283670302461;0.013005297018286155;0.7459749552772809;0.7305605786618445;0.7192825112107624;0.7157129881925521;0.7319679430097952;0.728699795270447;0.010676299498205078;417;404;401;394;411;405.4;7.96492310069595;601;599;587;594;589;594.0;5.440588203494177;103;105;117;110;115;110.0;5.440588203494177;181;193;196;203;186;191.8;7.678541528180986;0.55648206343647;0.5335458876750565;0.5106336443049886;0.5097510910458992;0.5298789045101977;0.5280583181945223;0.017205296120343522;0.5606571193825595;0.5386807282252845;0.5145738360594359;0.5152467280287072;0.5331672542320351;0.5324651331856044;0.017032243953128152;0.7755087982669505;0.7637845953251104;0.7527493052383127;0.7518582495812396;0.7625449691640018;0.761289183515123;0.008624077425855532;0.027821779251098633;0.009766101837158203;0.7819271553711388;0.7767923946820987;0.79;0.714572864321608;0.7503957783641161;711;985;189;284;0.5576437261103242;0.5598577207286435;0.7767923946820987
NB_WordLevel_TF-IDF;0.04277205467224121;0.0407559871673584;0.04719996452331543;0.039999961853027344;0.027493953704833984;0.039644384384155275;0.006570603845115507;0.029055118560791016;0.032817840576171875;0.03808784484863281;0.03385496139526367;0.019564151763916016;0.030675983428955077;0.006256662824971148;0.7350230414746544;0.7401998462720983;0.7217524980784013;0.7378939277478862;0.722521137586472;0.7314780902319024;0.0078052907978936265;0.7189661561264822;0.7235371935434749;0.7064917389980204;0.7214065117252931;0.705292561291305;0.7151388323369152;0.007696570144898435;0.8409703504043127;0.8567493112947658;0.8036175710594315;0.8497267759562842;0.8314606741573034;0.8365049365744195;0.018501973186549465;0.5217391304347826;0.5209380234505863;0.5209380234505863;0.5209380234505863;0.49581239530988275;0.5160731192192849;0.010135112194409763;0.6439628482972135;0.6479166666666666;0.6321138211382114;0.6458982346832814;0.621196222455404;0.6382175586481553;0.010129712051582215;312;311;311;311;296;308.2;6.11228271597445;645;652;628;649;644;643.6;8.309031231136395;59;52;76;55;60;60.4;8.309031231136395;286;286;286;286;301;289.0;6.0;0.4508156034438492;0.4608001098661252;0.4243264320271456;0.45622834337796114;0.4235796015901049;0.44315001806103715;0.015991611082724386;0.48348401112132183;0.49670502457284194;0.4501710806973552;0.49073556345761143;0.4589187486372056;0.4760028856972672;0.018224968994566826;0.7189661561264823;0.7235371935434749;0.7064917389980204;0.7214065117252931;0.705292561291305;0.7151388323369152;0.0076965701448984455;0.021208763122558594;0.00428009033203125;0.7450437989857077;0.7314579712874423;0.8221574344023324;0.5668341708542713;0.6710291493158833;564;1052;122;431;0.47414124559558324;0.49603816629067204;0.7314579712874424
NB_N-Gram_TF-IDF;0.021641016006469727;0.01643967628479004;0.01327204704284668;0.015919923782348633;0.009685993194580078;0.015391731262207031;0.003936476699022544;0.032525062561035156;0.0329892635345459;0.030121803283691406;0.025112152099609375;0.020580053329467773;0.028265666961669923;0.004752123112669395;0.6789554531490015;0.6887009992313605;0.6779400461183704;0.6740968485780169;0.6756341275941583;0.6790654949341816;0.005110448428998326;0.6635945576162967;0.6730242119689356;0.6639720858078271;0.6592753064565251;0.6604411736713873;0.6640614671041943;0.004828470716104589;0.7319587628865979;0.75;0.7160194174757282;0.7167919799498746;0.72264631043257;0.7274832941489542;0.012618660324765765;0.47491638795986624;0.4824120603015075;0.49413735343383586;0.47906197654941374;0.47571189279731996;0.48124793420838863;0.006971469871111616;0.5760649087221096;0.5871559633027523;0.5847373637264619;0.5742971887550201;0.5737373737373738;0.5791985596487436;0.005615449756707982;284;288;295;286;284;287.4;4.079215610874228;600;608;587;591;595;596.2;7.30479294709987;104;96;117;113;109;107.8;7.30479294709987;314;309;302;311;313;309.8;4.261455150532503;0.3360740932313804;0.3556925108677709;0.33585329095093575;0.3267870000854294;0.3294371406098091;0.3367688071490651;0.010127360626227492;0.35648955378772795;0.37805944350138454;0.3512965813336587;0.34424070583080246;0.348241176725863;0.3556654922358874;0.01189034665927363;0.6635945576162968;0.6730242119689355;0.663972085807827;0.659275306456525;0.6604411736713873;0.6640614671041943;0.0048284707161045685;0.010462045669555664;0.0019447803497314453;0.6906408483171969;0.6776013799833922;0.7281690140845071;0.5195979899497487;0.6064516129032259;517;981;193;478;0.3631321805758245;0.3771942816911665;0.6776013799833923
NB_CharLevel_TF-IDF;0.3565061092376709;0.3540177345275879;0.32991814613342285;0.33481907844543457;0.16889381408691406;0.30883097648620605;0.07073502805922927;0.07817697525024414;0.04251432418823242;0.07126522064208984;0.13479089736938477;0.028778076171875;0.07110509872436524;0.03664676589390879;0.5691244239631337;0.5626441199077633;0.5618754803996926;0.5757109915449654;0.5572636433512682;0.5653237318333646;0.006424581065601126;0.5314400273639404;0.523705173595249;0.5240132956448911;0.5380703232069438;0.519370051012639;0.5273197741647326;0.006629434769399084;0.9111111111111111;0.9375;0.7755102040816326;0.9411764705882353;0.7142857142857143;0.8559167000133387;0.09326953097107488;0.06856187290969899;0.05025125628140704;0.06365159128978225;0.08040201005025126;0.05862646566164154;0.06429863923855622;0.010073876164745964;0.12752721617418353;0.09538950715421304;0.11764705882352942;0.14814814814814817;0.10835913312693499;0.11941421268540184;0.017854881491973843;41;30;38;48;35;38.4;6.019966777316964;700;702;693;701;690;697.2;4.791659420284375;4;2;11;3;14;6.8;4.791659420284375;557;567;559;549;562;558.8;5.946427498927402;0.06758526665696496;0.05108438306365315;0.051628002148502494;0.08182787532889935;0.04164513901322353;0.05875413324224869;0.014231732058789828;0.17154415968730213;0.15252492869711765;0.12570572413277747;0.19550143977769086;0.10139908844834694;0.149335068148647;0.0331389706392034;0.5314400273639404;0.5237051735952489;0.5240132956448911;0.5380703232069438;0.519370051012639;0.5273197741647326;0.0066294347693990965;0.05818819999694824;0.019865036010742188;0.5795297372060858;0.543317524590585;0.832;0.10452261306532663;0.18571428571428572;104;1153;21;891;0.09282238721778657;0.18524383478424247;0.543317524590585
LR_Count_Vectors;24.230983018875122;24.731270790100098;24.090548992156982;24.471436977386475;8.174389839172363;21.139725923538208;6.486334250825876;0.04061007499694824;0.02233290672302246;0.04999899864196777;0.03331899642944336;0.020820140838623047;0.033416223526000974;0.011029511259013526;0.7442396313364056;0.760184473481937;0.7509607993850884;0.7471176018447349;0.7509607993850884;0.7506926610866509;0.005378864943131487;0.739952303131651;0.7579148107964062;0.747991853205421;0.7450771851682656;0.7487556151971981;0.7479383534997884;0.0058679428046894255;0.7378815080789947;0.7427597955706985;0.7365684575389948;0.7263513513513513;0.7317487266553481;0.7350619678390775;0.005591570028247706;0.6872909698996655;0.7303182579564489;0.711892797319933;0.7202680067001676;0.7219430485762144;0.7143426160904859;0.01473696803632829;0.7116883116883118;0.7364864864864865;0.7240204429301534;0.7232968881412952;0.7268128161888701;0.7244609890870234;0.007935164500893608;411;436;425;430;431;426.6;8.546344247688598;558;553;552;542;546;550.2;5.6000000000000005;146;151;152;162;158;153.8;5.6;187;161;172;167;166;170.6;8.912911982062878;0.48239454274997073;0.5164870769238099;0.49724964099823954;0.49046653675237284;0.4980183870814081;0.49692323690116014;0.011285580716417524;0.483377138056041;0.5165491087665933;0.49748926652193615;0.4904812426843833;0.4980566458508711;0.497190680375965;0.011058194293888388;0.739952303131651;0.7579148107964063;0.7479918532054209;0.7450771851682656;0.7487556151971981;0.7479383534997884;0.005867942804689462;12.944011926651001;0.0031321048736572266;0.764407561088059;0.7633666629570339;0.7396039603960396;0.7507537688442211;0.745137157107232;747;911;263;248;0.526128660571326;0.5261795686372157;0.7633666629570339
LR_WordLevel_TF-IDF;0.6007368564605713;0.6234030723571777;0.6010448932647705;0.4304981231689453;0.34668898582458496;0.5204743862152099;0.11119809213086614;0.04349017143249512;0.03516793251037598;0.03832292556762695;0.0367279052734375;0.017297983169555664;0.03420138359069824;0.00890293392385301;0.7780337941628265;0.7970791698693312;0.7717140661029976;0.7955418908531898;0.7993850883935434;0.7883508018763777;0.011250540189613018;0.774853203861356;0.7940424185320543;0.7684409262220192;0.7924946703213035;0.7957912193543475;0.7851244876582161;0.011238049133778339;0.7705779334500875;0.7915936952714536;0.7631578947368421;0.7898423817863398;0.798932384341637;0.782820857917272;0.013582099078963836;0.7357859531772575;0.7571189279731994;0.7286432160804021;0.7554438860971524;0.7520938023450586;0.7458171571346139;0.011448751144745029;0.7527801539777587;0.773972602739726;0.7455012853470437;0.7722602739726028;0.7748058671268335;0.7638640366327929;0.012267409296651214;440;452;435;451;449;445.4;6.711184694225007;573;585;569;584;591;580.4;8.138795979750322;131;119;135;120;113;123.6;8.138795979750322;158;145;162;146;148;151.8;6.881860213634101;0.5515812956876354;0.5900376464858903;0.5387334410107832;0.5869318710804804;0.594229898270977;0.5723028305071532;0.02265221730008137;0.5520659710530537;0.5905191593497011;0.5392077220029627;0.587410849409726;0.5951115668920902;0.5728630537415068;0.022731356159479178;0.774853203861356;0.7940424185320542;0.7684409262220191;0.7924946703213035;0.7957912193543475;0.785124487658216;0.011238049133778353;0.3324730396270752;0.0016551017761230469;0.792992162286768;0.7922238963129105;0.7697628458498024;0.7829145728643216;0.7762830094668661;779;941;233;216;0.5836875342783726;0.5837600572096417;0.7922238963129105
LR_N-Gram_TF-IDF;0.36437010765075684;0.5142693519592285;0.3798060417175293;0.4922749996185303;0.2930750846862793;0.40875911712646484;0.08282363476977489;0.03583073616027832;0.025064945220947266;0.033783912658691406;0.023059844970703125;0.018230915069580078;0.02719407081604004;0.006632965609058356;0.7012288786482335;0.7163720215219063;0.6856264411990777;0.6871637202152191;0.681783243658724;0.6944348610486321;0.012789987151047892;0.6936331331711767;0.7086485933455156;0.6773117481346125;0.6792413773412517;0.6728695561139029;0.6863408816212919;0.013146982608237361;0.7053045186640472;0.7252964426877471;0.688;0.6877470355731226;0.6863543788187373;0.6985404751487309;0.015084660961540942;0.6003344481605352;0.6147403685092128;0.576214405360134;0.5829145728643216;0.5644891122278057;0.5877385814244018;0.01780094309343937;0.6485998193315268;0.6654578422484134;0.6271649954421149;0.6310063463281959;0.619485294117647;0.6383428594935795;0.01658194413811991;359;367;344;348;337;351.0;10.714476188783099;554;565;548;546;550;552.6;6.7409198185410855;150;139;156;158;154;151.4;6.740919818541086;239;230;253;249;260;246.2;10.57166022912201;0.391654555281965;0.42218769220029395;0.359056946724693;0.36268398570601523;0.35046802229527485;0.37721024044164836;0.026409505026464494;0.3955042049491953;0.42654035808713764;0.363278538897973;0.3664231809536544;0.3554174545030579;0.38143274747820366;0.026322463012481177;0.6936331331711766;0.7086485933455154;0.6773117481346125;0.6792413773412517;0.6728695561139029;0.6863408816212918;0.013146982608237311;0.26334071159362793;0.0007290840148925781;0.7049331489165515;0.699002251461738;0.6987681970884658;0.6271356783919598;0.6610169491525423;624;905;269;371;0.40113942956045767;0.4029790862670962;0.6990022514617381
LR_CharLevel_TF-IDF;2.985757350921631;3.3720810413360596;4.0605950355529785;4.06800103187561;2.367048978805542;3.370696687698364;0.6507967442727265;0.04139590263366699;0.04363393783569336;0.03353691101074219;0.0410921573638916;0.02058577537536621;0.03604893684387207;0.00844956795113347;0.7296466973886329;0.7378939277478862;0.7332820906994619;0.7471176018447349;0.749423520368947;0.7394727676099325;0.007678930171089878;0.7241919086348434;0.7314627112836912;0.726819466651439;0.7415129625399726;0.7436436443581544;0.7335261386936203;0.007778409983693818;0.7277777777777777;0.7442748091603053;0.7385496183206107;0.75;0.7542213883677298;0.7429647187252847;0.009252679805633098;0.657190635451505;0.6532663316582915;0.6482412060301508;0.6733668341708543;0.6733668341708543;0.6610863682963312;0.010420629398013333;0.6906854130052724;0.6958073148974131;0.6904549509366638;0.7096204766107679;0.711504424778761;0.6996145160457756;0.0091609002962261;393;390;387;402;402;394.8;6.1773780845922;557;570;567;570;573;567.4;5.535341001239218;147;134;137;134;131;136.6;5.535341001239219;205;207;210;195;195;202.4;6.248199740725323;0.45168190889121784;0.46726747641891775;0.4578938836286347;0.48680593106640024;0.49128972518615177;0.4709877850382645;0.015622997930545978;0.4535367524401562;0.47033616521421806;0.46090101316586796;0.48902473188727774;0.49375824780851607;0.47351138210320726;0.015612103187051411;0.7241919086348435;0.7314627112836912;0.726819466651439;0.7415129625399726;0.7436436443581544;0.7335261386936203;0.007778409983693791;2.467679977416992;0.008193016052246094;0.7616413093591516;0.7577465693030742;0.7553418803418803;0.7105527638190955;0.7322630761263594;707;945;229;288;0.5178339931349671;0.5186197066785599;0.7577465693030742
SVM_Count_Vectors;123.17604088783264;123.1222677230835;123.83937001228333;124.3285779953003;71.98942422866821;113.2911361694336;20.655673590651997;38.2718300819397;38.14123821258545;38.04340410232544;38.107503175735474;18.210364818572998;34.154868078231814;7.972599874695874;0.7519201228878648;0.7663335895465027;0.7740199846272099;0.7824750192159877;0.7786318216756342;0.7706761075906399;0.010810491579156195;0.748817079659471;0.7647422719658901;0.771971838358459;0.7818210370031978;0.7755967336683417;0.7685897921310719;0.011325765997610423;0.7391304347826086;0.7453936348408711;0.7572156196943973;0.7573770491803279;0.7696335078534031;0.7537500492703216;0.01059256676314061;0.7107023411371237;0.7453936348408711;0.7470686767169179;0.7738693467336684;0.7386934673366834;0.7431454933530528;0.020183058914672446;0.7246376811594203;0.7453936348408711;0.7521079258010118;0.7655343827671914;0.7538461538461538;0.7483039556829297;0.01349545318891958;425;445;446;462;441;443.8;11.82201336490532;554;552;561;556;572;559.0;7.155417527999327;150;152;143;148;132;145.0;7.155417527999327;173;152;151;135;156;153.4;12.142487389328432;0.4990792642690216;0.5294845439317801;0.5444981660553518;0.5627108900942674;0.552882550047255;0.5377310828795352;0.022187021553354048;0.4993970561760308;0.5294845439317801;0.5445399954944821;0.5628244533767077;0.5532667312556856;0.5379025560469373;0.02215739559181029;0.7488170796594709;0.76474227196589;0.771971838358459;0.7818210370031978;0.7755967336683417;0.7685897921310718;0.01132576599761047;108.05855512619019;36.93102192878723;0.7782388197325957;0.7776758579952574;0.7519607843137255;0.770854271356784;0.7612903225806451;767;921;253;228;0.5542899986542689;0.5544387896029044;0.7776758579952574
SVM_WordLevel_TF-IDF;124.35912680625916;125.5540521144867;125.47073101997375;125.91075134277344;75.90146708488464;115.43922567367554;19.7757055688018;33.7507529258728;33.87576389312744;33.529858112335205;33.92899990081787;19.143404006958008;30.845755767822265;5.852790688930735;0.7695852534562212;0.7955418908531898;0.7801691006917756;0.7901614142966948;0.7986164488854727;0.7868148216366709;0.01065517200071293;0.7679219557616297;0.7933857259783768;0.7777809502055733;0.7884141350692858;0.7953355794122126;0.7845676692854157;0.010311553189992117;0.75;0.7829059829059829;0.7667238421955404;0.7736486486486487;0.7954144620811288;0.7737385871662601;0.01527494651097042;0.7474916387959866;0.7671691792294807;0.7487437185929648;0.7671691792294807;0.7554438860971524;0.757203520389013;0.008574542735279364;0.7487437185929648;0.7749576988155668;0.7576271186440678;0.7703952901597982;0.7749140893470791;0.7653275831118953;0.010436892261484693;447;458;447;458;451;452.2;4.955804677345546;555;577;568;570;588;571.6;10.855413396089528;149;127;136;134;116;132.4;10.85541339608953;151;139;150;139;146;145.0;5.176871642217914;0.5359788636352836;0.5876691306482131;0.5565537411301452;0.5771956368796285;0.5929354666895957;0.5700665677965732;0.021110321840373376;0.5359814282007711;0.58777082726898;0.5566849117647212;0.577212943258671;0.5935806041117371;0.5702461429209761;0.021251473421087862;0.7679219557616296;0.7933857259783765;0.7777809502055735;0.7884141350692857;0.7953355794122126;0.7845676692854157;0.010311553189992077;114.46291923522949;38.70461177825928;0.7897648686030428;0.7896257265886502;0.7619047619047619;0.7879396984924623;0.7747035573122528;784;929;245;211;0.5777464132113701;0.5780329663152936;0.7896257265886503
SVM_N-Gram_TF-IDF;50.9079909324646;50.67970299720764;50.61025619506836;50.788477182388306;31.005199909210205;46.79832544326782;7.8972068890406355;14.54565691947937;14.56098985671997;14.55093502998352;14.36783504486084;7.928305149078369;13.190744400024414;2.6321963586654453;0.6889400921658986;0.7140661029976941;0.6825518831667948;0.6894696387394312;0.676402767102229;0.6902860968344097;0.012810401484911612;0.6815141380358771;0.7065179115273337;0.6740889580478149;0.6812447654941374;0.6673887905436272;0.6821509127297581;0.013250604363246259;0.6881091617933723;0.7210216110019646;0.6847389558232931;0.6926147704590818;0.6795918367346939;0.6932152671624812;0.014540091998267555;0.5903010033444817;0.6147403685092128;0.5711892797319933;0.5812395309882747;0.5577889447236181;0.5830518254595161;0.019177757356294935;0.6354635463546354;0.6636528028933093;0.6228310502283105;0.6320582877959928;0.6126954921803127;0.6333402358905122;0.017097672254933458;353;367;341;347;333;348.2;11.496086290559932;544;562;547;550;547;550.0;6.29285308902091;160;142;157;154;157;154.0;6.29285308902091;245;230;256;250;264;249.0;11.419281938896159;0.3669550310093713;0.4177150007218826;0.3526216802030886;0.3669740239719428;0.3394003572432208;0.3687332186299012;0.026553606615951852;0.37023731754180866;0.4217350859173504;0.3569457971593082;0.37119755503697527;0.34428761096237637;0.3728806733235638;0.026336504477247696;0.6815141380358772;0.7065179115273337;0.6740889580478148;0.6812447654941374;0.6673887905436272;0.682150912729758;0.01325060436324627;47.30773663520813;16.09086298942566;0.6920239741816505;0.6859279361030022;0.6835016835016835;0.6120603015075377;0.645811240721103;609;892;282;386;0.37484272821882914;0.37663090515382136;0.6859279361030022
SVM_CharLevel_TF-IDF;462.08733105659485;461.29641604423523;464.89276790618896;465.7914879322052;276.88858222961426;426.1913170337677;74.67017376982191;119.15813493728638;119.20225214958191;119.23379898071289;119.651123046875;70.2546157836914;109.49998497962952;19.62348384581687;0.7450076804915514;0.7717140661029976;0.7501921598770177;0.7755572636433513;0.7586471944657955;0.7602236729161428;0.011847287485342995;0.7415437823046518;0.7674225768996498;0.7471543322673976;0.7736468802345058;0.7543303639409167;0.7568195871294243;0.012070996495621288;0.7333333333333333;0.7707581227436823;0.7361111111111112;0.7580372250423012;0.7549549549549549;0.7506389494370765;0.014061905669275286;0.6989966555183946;0.7152428810720268;0.7102177554438861;0.7504187604690117;0.7018425460636516;0.7153437197133942;0.01847188328161498;0.7157534246575343;0.7419635099913119;0.7229326513213981;0.7542087542087542;0.7274305555555556;0.7324577791469109;0.01384557930217237;418;427;424;448;419;427.2;10.906878563548783;552;577;552;561;568;562.0;9.612491872558333;152;127;152;143;136;142.0;9.612491872558333;180;170;173;149;178;170.0;11.081516141756055;0.48479647587173547;0.5377888094739676;0.49563357583955703;0.5477120821397872;0.511394815341079;0.5154651517332253;0.024035960290531896;0.48525476809874596;0.5389970359274222;0.4958969911672559;0.5477357368281152;0.5124904751203434;0.5160750014283766;0.024073676665899813;0.7415437823046518;0.7674225768996498;0.7471543322673976;0.7736468802345058;0.7543303639409168;0.7568195871294243;0.012070996495621282;416.174250125885;142.93228483200073;0.7814661134163209;0.7800441731656579;0.7612838515546639;0.7628140703517587;0.7620481927710844;759;936;238;236;0.5600025335763056;0.5600034986595562;0.7800441731656579
kNN_Count_Vectors;0.07363605499267578;0.07516598701477051;0.06999397277832031;0.0703878402709961;0.030706405639648438;0.06397805213928223;0.01674948388291163;3.601328134536743;3.536052942276001;3.538029909133911;3.5486650466918945;1.0243608951568604;3.049687385559082;1.0129425936408418;0.630568356374808;0.6325903151421983;0.6225980015372791;0.5941583397386626;0.5987701767870869;0.615737037916007;0.016152946318852397;0.6274109721799939;0.6318702889447236;0.625437795035785;0.6032327832343536;0.5926007880310644;0.6161105254851841;0.015372782426827646;0.5996592844974447;0.5952;0.5777126099706745;0.5440613026819924;0.569060773480663;0.577138794126155;0.019965388884726636;0.5886287625418061;0.6231155778894473;0.6599664991624791;0.7135678391959799;0.5175879396984925;0.620573323697641;0.06607981468987488;0.5940928270042194;0.6088379705400983;0.6161063330727131;0.6173913043478262;0.5421052631578948;0.5957067396245503;0.0280517948758977;352;372;394;426;309;370.6;39.39340046251402;469;451;416;347;470;430.6;46.14152143135291;235;253;288;357;234;273.4;46.14152143135291;246;225;203;171;288;226.6;39.48974550437113;0.25517531736951393;0.26280388633098306;0.24819018184685604;0.2016902233409802;0.1864834367116357;0.2308686091199938;0.030764058914878625;0.25521234334610676;0.26304926457085936;0.2503193314758979;0.21017224647128824;0.18714733872108538;0.23318010491704752;0.029392912171364135;0.627410972179994;0.6318702889447236;0.625437795035785;0.6032327832343536;0.5926007880310645;0.6161105254851841;0.015372782426827627;0.02583789825439453;1.980147123336792;0.6376210235131397;0.6395033087070788;0.5942290351668169;0.6623115577889447;0.626425855513308;659;724;450;336;0.27659074302425546;0.2781258701140267;0.6395033087070788
kNN_WordLevel_TF-IDF;0.027411937713623047;0.030735015869140625;0.033596038818359375;0.039170265197753906;0.028667211532592773;0.03191609382629394;0.004187668111237663;3.465426206588745;3.458742141723633;3.453903913497925;3.434931755065918;1.0065727233886719;2.9639153480529785;0.9787238729318494;0.5714285714285714;0.5703305149884704;0.5564950038431975;0.579554189085319;0.5557263643351268;0.566706928736137;0.009223151198007679;0.5343260679537853;0.5329714386325567;0.5184052364093193;0.5422579278970611;0.5182041837977768;0.5292329709380998;0.009470367073231905;0.8703703703703703;0.8392857142857143;0.717391304347826;0.9464285714285714;0.6727272727272727;0.8092406466319509;0.1005308697440967;0.07859531772575251;0.07872696817420435;0.05527638190954774;0.08877721943048576;0.06197654941373534;0.07267048733074515;0.01223214295147171;0.14417177914110432;0.1439509954058193;0.1026438569206843;0.16232771822358347;0.11349693251533743;0.13331825644130574;0.021937213286599665;47;47;33;53;37;43.4;7.310266752998826;697;695;691;701;686;694.0;5.138093031466052;7;9;13;3;18;10.0;5.138093031466052;551;550;564;544;560;553.8;7.222188034107115;0.07369951040391665;0.07081995530791907;0.039587062238763515;0.09076657522975262;0.03910644507540406;0.06279590965115119;0.020324730163446863;0.1715879566741284;0.16190590873900929;0.09932169265153033;0.20750711832287025;0.0901642421257356;0.14609738370265477;0.044692987996638324;0.5343260679537855;0.5329714386325568;0.5184052364093192;0.5422579278970611;0.5182041837977769;0.5292329709380998;0.009470367073231926;0.02405405044555664;2.014037847518921;0.5730751498386353;0.5355161668649894;0.8791208791208791;0.08040201005025126;0.14732965009208104;80;1163;11;915;0.07631836000375258;0.17654613100821556;0.5355161668649894
kNN_N-Gram_TF-IDF;0.011132955551147461;0.01287078857421875;0.014078140258789062;0.0176236629486084;0.01594996452331543;0.01433110237121582;0.002275360152680762;1.1088809967041016;1.1615791320800781;1.1170809268951416;1.1254069805145264;0.4298558235168457;0.9885607719421386;0.279931364393589;0.5745007680491552;0.6164488854727133;0.6018447348193697;0.6072252113758647;0.5926210607225212;0.5985281320879248;0.01428285796656173;0.5714099080267558;0.614918817572712;0.5897134821836455;0.6048685663164306;0.591756129130501;0.5945333806460089;0.014751417794069235;0.5370370370370371;0.5798045602605864;0.5879732739420935;0.5714285714285714;0.5534290271132376;0.5659344939563052;0.018437576669304578;0.5334448160535117;0.5963149078726968;0.44221105527638194;0.576214405360134;0.5812395309882747;0.5458849431101999;0.05588566236542426;0.535234899328859;0.587943848059455;0.5047801147227534;0.5738115095913261;0.5669934640522876;0.5537527671509362;0.029959744094179945;319;356;264;344;347;326.0;33.34066586017742;429;446;519;446;424;452.8;34.26601815209931;275;258;185;258;280;251.2;34.26601815209931;279;241;333;253;250;271.2;33.38502658378453;0.14289177242264373;0.22934134224443403;0.1828721778984893;0.20960372649983172;0.182814125856556;0.18950462898439097;0.029163155112760204;0.14289450870861173;0.22942042791951098;0.18806944235758205;0.2096099951850585;0.18301001475449122;0.19060087778505092;0.029011139358180074;0.5714099080267558;0.614918817572712;0.5897134821836456;0.6048685663164307;0.591756129130501;0.594533380646009;0.014751417794069244;0.01194000244140625;0.8532869815826416;0.5896726602120793;0.5887743658668128;0.5502392344497608;0.5778894472361809;0.5637254901960783;575;704;470;420;0.17687115439555523;0.1770605717944515;0.5887743658668128
kNN_CharLevel_TF-IDF;0.2947101593017578;0.2936251163482666;0.27866506576538086;0.2736063003540039;0.15710163116455078;0.259541654586792;0.051876745472213916;33.14592099189758;33.281343936920166;33.13990902900696;33.17724084854126;8.435551166534424;28.23599319458008;9.900351291575658;0.6451612903225806;0.6372021521906226;0.6356648731744812;0.6302843966179862;0.6448885472713297;0.6386402519154;0.0056974812677970735;0.6218954279416236;0.6118185625095173;0.6129439812699863;0.6059356917161565;0.6232488198568601;0.6151684966588287;0.006510889986744374;0.7556390977443609;0.7637130801687764;0.7204301075268817;0.7283464566929134;0.7288135593220338;0.7393884602909933;0.017023183388140056;0.33612040133779264;0.30318257956448913;0.33668341708542715;0.3098827470686767;0.3601340033500838;0.3292006296812938;0.020546865815310834;0.46527777777777773;0.434052757793765;0.4589041095890411;0.43478260869565216;0.48206278026905824;0.4550160068250588;0.018443413185912756;201;181;201;185;215;196.6;12.289833196589774;639;648;626;635;624;634.4;8.777243302996675;65;56;78;69;80;69.6;8.777243302996677;397;416;396;412;382;400.6;12.2245654319489;0.2544249323245644;0.23437764944093675;0.23541751906267439;0.22154439433991613;0.2563525193563473;0.24042340290488778;0.013174266957968556;0.30132394008866786;0.28871703474572313;0.2742451992151418;0.26635177685628686;0.2933433598464181;0.2847962621504475;0.012752360108067495;0.6218954279416236;0.6118185625095173;0.6129439812699863;0.6059356917161566;0.62324881985686;0.6151684966588287;0.006510889986744315;0.09167790412902832;17.43517303466797;0.6500691562932227;0.6282468560862233;0.7418032786885246;0.36381909547738694;0.4881995954146999;362;1048;126;633;0.2668600008817609;0.3060754834596889;0.6282468560862233
RF_Count_Vectors;21.751454830169678;22.256536960601807;21.942790746688843;22.122447729110718;5.510772943496704;18.71680064201355;6.6052020568357594;0.32752203941345215;0.2841472625732422;0.38138818740844727;0.39397311210632324;0.17155003547668457;0.31171612739562987;0.08034526739798098;0.7242703533026114;0.6956187548039969;0.7025365103766333;0.7140661029976941;0.6971560338201384;0.7067295510602148;0.010901269225237868;0.7107854781088476;0.6785252017664078;0.6866993585350998;0.697480061291305;0.6808367119689356;0.6908653623341191;0.011922870739970464;0.7893462469733656;0.778393351800554;0.7763157894736842;0.8065395095367848;0.7721179624664879;0.7845425720501753;0.012383895478432945;0.5451505016722408;0.47068676716917923;0.49413735343383586;0.49581239530988275;0.4824120603015075;0.49763981557732917;0.02542134279829487;0.6449060336300692;0.5866388308977034;0.6038894575230297;0.6141078838174273;0.5938144329896906;0.6086713277715841;0.02035453057391573;326;281;295;296;288;297.2;15.380507143784305;617;624;619;633;619;622.4;5.782732917920384;87;80;85;71;85;81.6;5.782732917920384;272;316;302;301;309;300.0;15.006665185843255;0.43162356786571565;0.36810887450878427;0.3840060096139142;0.40687234517124493;0.3722887848269917;0.39257991639733014;0.02371815350860454;0.45142093725755256;0.39736123394696055;0.40918970936570576;0.43734108081242584;0.39853061440861626;0.4187687151582522;0.021774841904143534;0.7107854781088477;0.6785252017664077;0.6866993585350998;0.697480061291305;0.6808367119689356;0.6908653623341191;0.011922870739970524;7.005908966064453;0.27070069313049316;0.7132319041032734;0.6977040226687099;0.7909516380655226;0.5095477386934674;0.619804400977995;507;1040;134;488;0.4064316241760505;0.4318176589241969;0.6977040226687098
RF_WordLevel_TF-IDF;17.059482097625732;17.50620698928833;17.37723398208618;17.624067068099976;4.615978956222534;14.83659381866455;5.113783227791158;0.1281898021697998;0.14105796813964844;0.16449904441833496;0.13171982765197754;0.10045528411865234;0.13318438529968263;0.02069244324055562;0.7035330261136713;0.7125288239815527;0.727901614142967;0.7263643351268255;0.7094542659492697;0.7159564130628573;0.009585191681130928;0.6931200592885376;0.7006421786965129;0.7173925974569819;0.7158448492462312;0.6979285632708999;0.7049856495918327;0.009811371081228716;0.728448275862069;0.7528344671201814;0.7635574837310195;0.7613882863340564;0.7449664429530202;0.7502389912000693;0.012736251885800874;0.5652173913043478;0.5561139028475712;0.5896147403685092;0.5879396984924623;0.5577889447236181;0.5713349355473017;0.014577156568909492;0.6365348399246704;0.6396917148362236;0.665406427221172;0.6635160680529301;0.6379310344827586;0.6486160169035509;0.012989967334868631;338;332;352;351;333;341.2;8.657944328765344;578;595;595;594;590;590.4;6.468384651518491;126;109;109;110;114;113.6;6.468384651518491;260;265;245;246;264;256.0;8.740709353364863;0.39286767015390567;0.4094144321287949;0.4424447715804868;0.4392947420413935;0.4035627742484773;0.4175168780306116;0.019817292088524716;0.401895648313757;0.42243238526235555;0.45295821095928296;0.44973332994328696;0.41536439498521677;0.4284767938927798;0.01983031662655134;0.6931200592885375;0.7006421786965129;0.7173925974569819;0.7158448492462312;0.6979285632709;0.7049856495918327;0.009811371081228728;8.686490774154663;0.13295578956604004;0.7325956662056247;0.7222573686147946;0.7684346701164295;0.5969849246231156;0.6719457013574661;594;995;179;401;0.4522064234525077;0.46248675182756327;0.7222573686147946
RF_N-Gram_TF-IDF;12.034566879272461;12.048383951187134;11.94904899597168;12.15233826637268;2.9221720695495605;10.221302032470703;3.6501360649841503;0.1253974437713623;0.17621922492980957;0.1856701374053955;0.0914609432220459;0.08385896682739258;0.13252134323120118;0.04204529095346618;0.6651305683563749;0.6518063028439662;0.6579554189085319;0.6456571867794004;0.6541122213681784;0.6549323396512904;0.006474813322911193;0.6584899475524475;0.645043398812243;0.6507252169940612;0.6380886439774631;0.6467921996345363;0.6478278813941503;0.006719418631952602;0.6534090909090909;0.6363636363636364;0.6461538461538462;0.6317829457364341;0.6416184971098265;0.6418656032545668;0.007531717176540712;0.5769230769230769;0.5628140703517588;0.5628140703517588;0.5460636515912898;0.5577889447236181;0.5612807627883004;0.009931136110620709;0.6127886323268205;0.5973333333333333;0.6016114592658908;0.5858041329739443;0.5967741935483871;0.5988623502896752;0.008703036969185483;345;336;336;326;333;335.2;6.11228271597445;521;512;520;514;518;517.0;3.4641016151377544;183;192;184;190;186;187.0;3.4641016151377544;253;261;261;271;264;262.0;5.796550698475776;0.31979812213323366;0.2926572834865391;0.3044343817468165;0.2790545600540443;0.2965286038715259;0.2984945902584319;0.01345344283398394;0.32172232406684365;0.2943708152564941;0.30666359305278806;0.2813207564329377;0.2987579107054079;0.3005670799028943;0.013392532128665627;0.6584899475524475;0.645043398812243;0.6507252169940612;0.6380886439774631;0.6467921996345363;0.6478278813941503;0.006719418631952602;4.00401496887207;0.07360577583312988;0.6537574919317658;0.644985575235633;0.6473429951690821;0.5386934673366834;0.5880416895227647;536;882;292;459;0.2937294888454439;0.2974204477892533;0.644985575235633
RF_CharLevel_TF-IDF;43.69797921180725;44.336549282073975;43.92834520339966;44.33468222618103;11.261013984680176;37.51171398162842;13.127631596053332;0.6334049701690674;0.6277527809143066;0.7180218696594238;0.6043319702148438;0.2641730308532715;0.5695369243621826;0.1574635163357042;0.6827956989247311;0.7063797079169869;0.6963873943120676;0.7132974634896234;0.6933128362797848;0.6984346201846388;0.010573818539186047;0.6746992816965642;0.6950876541799909;0.6868730489569057;0.704916628597533;0.6819954412212578;0.6887144109304504;0.010469852932706667;0.68389662027833;0.738359201773836;0.7104166666666667;0.7258064516129032;0.7190265486725663;0.7155010978008605;0.01825276131279894;0.5752508361204013;0.5577889447236181;0.5711892797319933;0.6030150753768844;0.5443886097152428;0.5703265491336279;0.019613775159225418;0.6248864668483196;0.6354961832061069;0.6332404828226555;0.6587374199451053;0.6196377502383221;0.6343996606121018;0.013440888644495753;344;333;341;360;325;340.6;11.740528097151337;545;586;565;568;577;568.2;13.731715115017495;159;118;139;136;127;135.8;13.731715115017497;254;264;256;237;272;256.6;11.689311356961968;0.3536278990376409;0.3975639853858518;0.37939658743299076;0.4151709692697606;0.370835610942706;0.3833190104137901;0.021308445997129697;0.3576025889882744;0.40854090217953876;0.38597392384768187;0.42047667992695115;0.38092628198097817;0.3907040753846848;0.021992036515066635;0.6746992816965643;0.6950876541799909;0.6868730489569056;0.7049166285975331;0.6819954412212578;0.6887144109304504;0.010469852932706676;15.200170040130615;0.40990424156188965;0.7164591977869986;0.7094197563627336;0.7204176334106729;0.6241206030150753;0.6688206785137317;621;933;241;374;0.4231515191876333;0.42648308181651856;0.7094197563627336
SGD_Count_Vectors;0.38896989822387695;0.4016289710998535;0.3923220634460449;0.44133472442626953;0.22958683967590332;0.37076849937438966;0.07302063942842323;0.04556894302368164;0.04811215400695801;0.10715293884277344;0.07684135437011719;0.020247220993041992;0.059584522247314455;0.029785994951652652;0.7258064516129032;0.7517294388931591;0.7517294388931591;0.7286702536510377;0.7540353574173713;0.7423941880935261;0.012436317914421765;0.7251729249011858;0.7499750171311101;0.7457743261763363;0.7289227862798843;0.7535059292675499;0.7406701967512133;0.011450370616683433;0.6952998379254457;0.7298657718120806;0.7584905660377359;0.6936507936507936;0.7252032520325203;0.7205020442917152;0.02412073547160355;0.717391304347826;0.7286432160804021;0.6733668341708543;0.7319932998324958;0.7470686767169179;0.7196926662296992;0.025028954681776527;0.7061728395061728;0.7292539815590947;0.7133984028393966;0.7123064384678077;0.7359735973597359;0.7194210519464416;0.011252363525108859;429;435;402;437;446;429.8;14.931845163944072;516;543;576;511;535;536.2;23.12920232087566;188;161;128;193;169;167.8;23.12920232087566;169;162;195;160;151;167.4;14.947909552843836;0.4492712068038076;0.5000136828366066;0.4957769733155589;0.45593035006225513;0.5058528050971985;0.48136900362308543;0.0237994279086608;0.4494643168485955;0.5000142818877038;0.49851115530840623;0.4565212304833687;0.5060483306993844;0.4821118630454917;0.024013040700754214;0.7251729249011858;0.7499750171311099;0.7457743261763362;0.7289227862798843;0.7535059292675499;0.7406701967512133;0.011450370616683386;0.16545987129211426;0.0023908615112304688;0.7464269248501614;0.7470632549459393;0.7105014191106906;0.7547738693467336;0.7319688109161794;751;868;306;244;0.4917903447194676;0.49259937442143614;0.7470632549459393
SGD_WordLevel_TF-IDF;0.22667789459228516;0.18563604354858398;0.2537248134613037;0.2028369903564453;0.1765742301940918;0.209089994430542;0.028100050170107083;0.036920785903930664;0.03619885444641113;0.04386591911315918;0.03269505500793457;0.022997140884399414;0.034535551071166994;0.006812254054590634;0.7488479262672811;0.7647963105303612;0.7609531129900077;0.7671022290545734;0.7571099154496541;0.7597618988583755;0.006431058281479544;0.7478645674977196;0.7611578251104005;0.7592615063956144;0.7618882766103243;0.7498548614283539;0.7560054074084825;0.005930602484425432;0.722495894909688;0.7575221238938054;0.7399328859060402;0.7722222222222223;0.7760314341846758;0.7536409122232863;0.020097693638773794;0.7357859531772575;0.7169179229480737;0.7386934673366834;0.6984924623115578;0.661641541038526;0.7103062693624197;0.0283075363786544;0.7290803645401822;0.7366609294320138;0.7393126571668063;0.7335092348284962;0.7142857142857143;0.7305697800506425;0.008826885655143302;440;428;441;417;395;424.2;17.03408347989407;535;567;549;581;590;564.4;20.19504889818294;169;137;155;123;114;139.6;20.19504889818294;158;169;156;180;202;173.0;16.852299546352718;0.4950435865504359;0.5244519513780054;0.5185890258891166;0.5276047152887378;0.5053708070648251;0.5142120172342242;0.012239073080523976;0.49511502056977014;0.5251016741434897;0.5185896471947641;0.5297004479883426;0.5102344909071383;0.515748256160701;0.01221765612535211;0.7478645674977197;0.7611578251104004;0.7592615063956144;0.7618882766103244;0.7498548614283539;0.7560054074084825;0.005930602484425405;0.17605185508728027;0.0015869140625;0.7616413093591516;0.7637227877034234;0.7188644688644689;0.7889447236180904;0.7522759942501199;785;867;307;210;0.5235545369840455;0.5256589600245359;0.7637227877034233
SGD_N-Gram_Vectors;0.1184840202331543;0.09946203231811523;0.12514305114746094;0.11436820030212402;0.08597087860107422;0.10868563652038574;0.014143418628724161;0.03991222381591797;0.0480961799621582;0.03797101974487305;0.03618812561035156;0.018104076385498047;0.03605432510375976;0.009856903173657526;0.65284178187404;0.6725595695618755;0.6571867794004612;0.6694850115295926;0.6510376633358954;0.6606221611403729;0.00877781959525699;0.6476298837032533;0.6677837578041723;0.6570161413126236;0.6653247297091518;0.6477701005025125;0.6571049226063427;0.008467891095581303;0.6322463768115942;0.6535008976660682;0.6196513470681458;0.6472663139329806;0.6226415094339622;0.6350612889825503;0.013331337268353378;0.5836120401337793;0.609715242881072;0.6549413735343383;0.6147403685092128;0.6080402010050251;0.6142098452126855;0.02303836144260683;0.6069565217391304;0.6308492201039861;0.6368078175895766;0.6305841924398625;0.6152542372881356;0.6240903978321383;0.011146580240832213;349;364;391;367;363;366.8;13.6;501;511;464;504;484;492.8;16.9162643630324;203;193;240;200;220;211.2;16.9162643630324;249;233;206;230;234;230.4;13.865064009949611;0.2969796011984116;0.3372848847776385;0.3126790126674043;0.3319169873149853;0.2960678268289718;0.3149856625574823;0.017154290761794068;0.29774263279221136;0.3379397997373463;0.3131091146339271;0.33227812622738134;0.29613760518432675;0.31544145571503857;0.017210321035771522;0.6476298837032534;0.6677837578041724;0.6570161413126238;0.6653247297091518;0.6477701005025125;0.6571049226063428;0.008467891095581307;0.08093976974487305;0.0007200241088867188;0.6606731212540341;0.6582696275243338;0.6304128902316214;0.629145728643216;0.6297786720321933;626;807;367;369;0.3165877678087523;0.3165883137364348;0.6582696275243337
SGD_CharLevel_Vectors;1.0733859539031982;1.0969750881195068;0.9958009719848633;1.047633171081543;0.5742998123168945;0.9576189994812012;0.19458474788029148;0.03979611396789551;0.04118204116821289;0.044612884521484375;0.041075944900512695;0.022572040557861328;0.03784780502319336;0.007803194295938024;0.7480798771121352;0.7163720215219063;0.7586471944657955;0.7801691006917756;0.7002305918524212;0.7406997571288068;0.028858266812654552;0.7440070120097294;0.6963011078117862;0.7596766978833562;0.7822362284909395;0.6812590414192173;0.7326960175230057;0.03815882643720324;0.7410714285714286;0.8653846153846154;0.7214397496087637;0.7381316998468607;0.8126888217522659;0.7757432630327867;0.05471048111825917;0.6939799331103679;0.45226130653266333;0.7721943048576214;0.8073701842546064;0.45058626465661644;0.6352783986823751;0.15454051802640845;0.7167530224525042;0.5940594059405941;0.7459546925566343;0.7712000000000001;0.5797413793103449;0.6815417000520155;0.0793018772340961;415;270;461;482;269;379.4;92.31381261761427;559;662;526;533;642;584.4;56.63426524640361;145;42;178;171;62;119.6;56.634265246403615;183;327;136;115;328;217.8;92.23751948095742;0.4903598756975307;0.4073814840738148;0.5165915249624291;0.5604771264682813;0.37522318295214707;0.47000663883084054;0.0688115230420758;0.49121685235811946;0.4581954777391848;0.5176748268574777;0.5625642852722681;0.41476615026897234;0.48888351849920453;0.050395196983858255;0.7440070120097293;0.6963011078117861;0.7596766978833561;0.7822362284909395;0.6812590414192173;0.7326960175230057;0.03815882643720324;0.8000688552856445;0.0105133056640625;0.7777777777777778;0.7747981817092275;0.768025078369906;0.7386934673366834;0.7530737704918031;735;952;222;260;0.5512011807038375;0.5515465348563241;0.7747981817092274
GB_Count_Vectors;62.815670013427734;47.73239302635193;57.88818407058716;45.77877187728882;27.609308004379272;48.364865398406984;12.144137814530609;0.030395984649658203;0.048692941665649414;0.043236732482910156;0.046254873275756836;0.023022174835205078;0.03832054138183594;0.009915118391521135;0.728110599078341;0.722521137586472;0.7194465795541891;0.7355880092236741;0.740968485780169;0.729326962244569;0.008001831418391255;0.7256669960474309;0.7186583961474037;0.7169631300441602;0.7322597837673215;0.7365949063499315;0.7260286424712495;0.007577702670087915;0.7074829931972789;0.7084805653710248;0.6972789115646258;0.7207678883071553;0.7338129496402878;0.7135646616160745;0.012569327927920104;0.6956521739130435;0.6716917922948074;0.6867671691792295;0.6917922948073701;0.6834170854271356;0.6858641031243172;0.008229308653273749;0.7015177065767285;0.6895958727429063;0.6919831223628693;0.705982905982906;0.7077189939288812;0.6993597203188583;0.007323221493407838;416;401;410;413;408;409.6;5.083306010855534;532;539;526;544;556;539.4;10.307278981380101;172;165;178;160;148;164.6;10.307278981380101;182;196;187;184;189;187.6;4.841487374764082;0.4519029068025172;0.4390493264330392;0.4344239548458635;0.46594304588977675;0.47567236593640916;0.45339831998152114;0.015631120753453985;0.45195708214979613;0.4395595943357997;0.4344662050124337;0.4662668154904171;0.4766431424208136;0.453778567881852;0.015856919472306517;0.7256669960474307;0.7186583961474037;0.7169631300441601;0.7322597837673214;0.7365949063499315;0.7260286424712495;0.007577702670087925;31.508039712905884;0.014414787292480469;0.7201475334255417;0.7173473842808591;0.6995884773662552;0.6834170854271356;0.6914082358922217;680;882;292;315;0.4354621479043095;0.435561810894101;0.7173473842808592
GB_WordLevel_TF-IDF;56.44460916519165;58.68269491195679;55.73833227157593;52.96960163116455;32.00157022476196;51.167361640930174;9.754988238881854;0.037129878997802734;0.026674747467041016;0.04610896110534668;0.04656624794006348;0.021413803100585938;0.03557872772216797;0.010138475623500495;0.728110599078341;0.7302075326671791;0.7179093005380477;0.7455803228285934;0.7340507302075326;0.7311716970639388;0.00896759079953094;0.7256669960474309;0.7265244308664536;0.7147789135069286;0.7425110876351454;0.7293118052383127;0.7277586466588541;0.00888165052149179;0.7074829931972789;0.7165492957746479;0.698961937716263;0.7309027777777778;0.7277676950998185;0.7163329399131573;0.012026253661364361;0.6956521739130435;0.6817420435510888;0.6767169179229481;0.7051926298157454;0.6716917922948074;0.6861991114995266;0.012412525023142532;0.7015177065767285;0.6987124463519313;0.6876595744680851;0.7178175618073316;0.6986062717770035;0.700862712196216;0.009715286464212936;416;407;404;421;401;409.8;7.520638270785265;532;543;530;549;554;541.6;9.350935782048767;172;161;174;155;150;162.4;9.350935782048769;182;190;193;176;196;187.4;7.364781055808788;0.4519029068025172;0.45472749569239845;0.4305992656309813;0.4863221957012104;0.4613249024117637;0.4569753532477742;0.01792560355700618;0.45195708214979613;0.4551896551834628;0.43078647930531283;0.4865806622918381;0.4625124982567562;0.4574052754374332;0.018002438800135055;0.7256669960474307;0.7265244308664535;0.7147789135069286;0.7425110876351454;0.7293118052383127;0.7277586466588541;0.008881650521491804;39.154489040374756;0.011989831924438477;0.7247579529737206;0.7229854553859587;0.6993987975951904;0.7015075376884422;0.7004515805318615;698;874;300;297;0.44586842588380593;0.4458701545012429;0.7229854553859587
GB_N-Gram_TF-IDF;7.886133670806885;7.286213159561157;8.748701810836792;8.963083028793335;4.3682990074157715;7.450486135482788;1.6546881989947038;0.04491114616394043;0.03862285614013672;0.0318453311920166;0.026439905166625977;0.018485069274902344;0.032060861587524414;0.009210139277512198;0.6344086021505376;0.6202920830130668;0.6056879323597233;0.6487317448116833;0.6249039200614912;0.6268048564793005;0.014356598775006942;0.6288219253572513;0.6059951747373229;0.5940283805390589;0.6390201480889295;0.6136934673366834;0.6163118192118493;0.016012567033419908;0.6113138686131386;0.6246973365617433;0.5921052631578947;0.6452282157676349;0.6182212581344902;0.6183131884469804;0.017326455610423456;0.560200668896321;0.4321608040201005;0.45226130653266333;0.5209380234505863;0.47738693467336685;0.4885895475146076;0.04648444755100121;0.5846422338568934;0.5108910891089108;0.5128205128205128;0.5764596848934198;0.5387523629489603;0.5447131767257394;0.030979920293109777;335;258;270;311;285;291.8;27.92418306772823;491;549;518;533;528;523.8;19.21874085365636;213;155;186;171;176;180.2;19.21874085365636;263;339;327;286;312;305.4;27.61593742750733;0.2592759034474186;0.21707468010252307;0.19149376914774152;0.28217093197757737;0.231392792461236;0.2362816154272993;0.03172798381217681;0.26006430705191974;0.22693844631184074;0.1964046072658386;0.2868902358983702;0.23689118288755165;0.24143775588310418;0.030567178889830866;0.6288219253572516;0.6059951747373229;0.5940283805390589;0.6390201480889295;0.6136934673366834;0.6163118192118493;0.016012567033419942;4.968407154083252;0.003844022750854492;0.6205624711848778;0.6136316163440714;0.5975056689342404;0.5296482412060302;0.5615343633457646;527;819;355;468;0.22924802884932993;0.2305426085315372;0.6136316163440713
GB_CharLevel_TF-IDF;290.3583240509033;264.68592619895935;269.62991070747375;246.2436969280243;150.6976180076599;244.32309517860412;48.874821295361514;0.04885601997375488;0.1014857292175293;0.06634712219238281;0.0769951343536377;0.036090850830078125;0.06595497131347657;0.02266589318190078;0.7273425499231951;0.7386625672559569;0.7163720215219063;0.7240584166026134;0.7255956956187548;0.7264062501844852;0.0071826044223842565;0.7233201581027668;0.7342096372011573;0.7131038716308817;0.7202061443581544;0.7179350826100197;0.7217549787805959;0.007062583839096989;0.7158081705150977;0.7315315315315315;0.6979166666666666;0.7102473498233216;0.7371541501976284;0.7185315737468492;0.014260567598599025;0.6739130434782609;0.6800670016750419;0.6733668341708543;0.6733668341708543;0.6247906197654941;0.6651008666521011;0.02031358215599492;0.694229112833764;0.7048611111111112;0.6854219948849105;0.6913155631986243;0.6763372620126927;0.6904330088082204;0.0094568470681373;403;406;402;402;373;397.2;12.188519188154071;544;555;530;540;571;548.0;14.01427843308388;160;149;174;164;133;156.0;14.01427843308388;195;191;195;195;224;200.0;12.09958676980334;0.4486170392974136;0.4709370611973467;0.4273501214916816;0.44215708639739904;0.44097833635638195;0.44600792894804453;0.014258391638505813;0.44928138741470525;0.4719460405241605;0.4275772460808587;0.4426709661725936;0.4455247298135008;0.44740007400116377;0.014316910952733622;0.7233201581027668;0.7342096372011573;0.7131038716308817;0.7202061443581544;0.7179350826100197;0.7217549787805959;0.007062583839096989;167.4992799758911;0.04167604446411133;0.7381281696634394;0.7337274104765736;0.7303128371089536;0.6804020100502512;0.7044745057232049;677;924;250;318;0.4699030329316274;0.47085215987584167;0.7337274104765736
XGB_Count_Vectors;46.23521590232849;39.351468086242676;44.814871072769165;25.629304885864258;21.20404601097107;35.44698119163513;10.184658634571091;0.36825108528137207;0.5311391353607178;0.397960901260376;0.6040120124816895;0.20755624771118164;0.4217838764190674;0.13747176946941536;0.7127496159754224;0.7348193697156034;0.7294388931591084;0.7094542659492697;0.7071483474250576;0.7187220984448923;0.011220399368950074;0.7100776261781696;0.732186024821075;0.7255596162631339;0.7055661831886706;0.7039446760316735;0.7154668252965446;0.011324505880646573;0.6911262798634812;0.7157534246575342;0.7168141592920354;0.6931216931216931;0.6868512110726643;0.7007333536014816;0.012861896970848158;0.677257525083612;0.7001675041876047;0.678391959798995;0.6582914572864321;0.6649916247906198;0.6758200142294527;0.014324705477423033;0.6841216216216217;0.7078746824724809;0.6970740103270225;0.6752577319587628;0.6757446808510639;0.6880145454461903;0.012688102065082174;405;418;405;393;397;403.6;8.569714114251418;523;538;544;530;523;531.6;8.309031231136395;181;166;160;174;181;172.4;8.309031231136396;193;179;192;204;200;193.6;8.546344247688598;0.4207909486244992;0.4651417744597437;0.45296433622567944;0.4127084214071267;0.40887825669047384;0.43209674748150456;0.0226727001407561;0.4208636326337333;0.4652362704870187;0.4535254958141318;0.4131574646201581;0.4090560266192662;0.4323677780348616;0.022683941785627593;0.7100776261781697;0.732186024821075;0.7255596162631337;0.7055661831886705;0.7039446760316735;0.7154668252965446;0.011324505880646542;216.14907693862915;0.41188716888427734;0.7634854771784232;0.7621317832775463;0.7405189620758483;0.7457286432160805;0.7431146720080121;742;914;260;253;0.523982540417957;0.5239935941180485;0.7621317832775463
XGB_WordLevel_TF-IDF;46.28410792350769;33.09395718574524;58.42307686805725;58.82431888580322;38.84531879425049;47.09415593147278;10.301904963005871;0.3753542900085449;0.3982889652252197;0.28560924530029297;0.19819283485412598;0.1591811180114746;0.2833252906799316;0.09418121922502078;0.7211981566820277;0.703305149884704;0.708685626441199;0.722521137586472;0.7509607993850884;0.7213341739958982;0.016517843569134178;0.7176383399209486;0.7000116586721487;0.705365130577128;0.7182765151515151;0.747228091213644;0.7177039471070769;0.016354025113825395;0.7057793345008757;0.682842287694974;0.6892361111111112;0.7107142857142857;0.7415929203539823;0.7060329878750458;0.02052525922499012;0.6739130434782609;0.6599664991624791;0.6649916247906198;0.6666666666666666;0.7018425460636516;0.6734760760323356;0.014870845292526061;0.6894781864841746;0.6712095400340715;0.6768968456947997;0.6879861711322385;0.721170395869191;0.6893482278428951;0.017312257960469334;403;394;397;398;419;402.2;8.885943956609225;536;521;525;542;558;536.4;13.154466921924278;168;183;179;162;146;167.6;13.154466921924278;195;203;200;199;178;195.0;8.87693640846886;0.43676128143464243;0.4010443253867916;0.4118311545944373;0.4386188662195485;0.4964785367531822;0.4369468328777204;0.03306551445514031;0.43714506427016436;0.4012375893905693;0.41205003128849566;0.43934671632504885;0.49709360436243666;0.437374601127343;0.03321902686022373;0.7176383399209486;0.7000116586721487;0.705365130577128;0.718276515151515;0.747228091213644;0.7177039471070769;0.01635402511382539;185.83663487434387;0.3441431522369385;0.7717842323651453;0.769797882085042;0.7540650406504065;0.7457286432160805;0.7498736735725113;742;932;242;253;0.540050919101346;0.5400791310592369;0.769797882085042
XGB_N-Gram_TF-IDF;18.513145208358765;13.217291116714478;11.438319206237793;11.39830994606018;12.919628858566284;13.4973388671875;2.615950046336755;0.08794879913330078;0.1372668743133545;0.18197870254516602;0.16919994354248047;0.06920123100280762;0.12911911010742189;0.04416365592925887;0.6190476190476191;0.6410453497309762;0.627978478093774;0.627978478093774;0.6310530361260569;0.62942059221844;0.007064811661133992;0.6158763111888111;0.6375187966346886;0.6214988293741435;0.6246811710065479;0.6280312547586417;0.6255212725925665;0.007213205864461544;0.5867346938775511;0.6120689655172413;0.6056074766355141;0.5965811965811966;0.599320882852292;0.6000626430927591;0.008546366076033235;0.5769230769230769;0.5946398659966499;0.542713567839196;0.5845896147403685;0.5912897822445561;0.5780311815487694;0.01867197724628208;0.581787521079258;0.6032285471537808;0.5724381625441696;0.5905245346869713;0.5952782462057336;0.5886514023339827;0.01067613081570924;345;355;324;349;353;345.2;11.142710621747295;461;479;493;468;468;473.8;11.196428001822724;243;225;211;236;236;230.2;11.196428001822724;253;242;273;248;244;252.0;11.15347479487895;0.23204475077414843;0.2756340632626614;0.2449307026148102;0.24974383170577108;0.25632353641690087;0.25173537695485837;0.014354016993369016;0.23207256892881883;0.27572993918660205;0.24608452758222155;0.24978705007886112;0.2563432277040945;0.2520034626961196;0.014275615931466958;0.6158763111888111;0.6375187966346886;0.6214988293741434;0.624681171006548;0.6280312547586416;0.6255212725925665;0.007213205864461546;87.6686270236969;0.16331982612609863;0.6556016597510373;0.6512096256409818;0.6316348195329087;0.5979899497487438;0.614352090862158;595;827;347;400;0.3036523115920633;0.30402359485697017;0.6512096256409817
XGB_CharLevel_TF-IDF;299.46268582344055;166.30399799346924;286.8037781715393;204.9234848022461;232.58229684829712;238.01524872779845;49.84615013943797;0.8830311298370361;1.741642951965332;1.2716758251190186;1.7211110591888428;0.6956191062927246;1.262616014480591;0.4255200986020041;0.7135176651305684;0.6994619523443505;0.7125288239815527;0.7048424289008455;0.7286702536510377;0.7118042248016709;0.009886578199309699;0.7105360671936759;0.6964605223085123;0.7104437909243186;0.701304819552307;0.7248493889904066;0.7087189177938441;0.009712944279574993;0.693631669535284;0.6769759450171822;0.6873949579831933;0.6858638743455497;0.715547703180212;0.6918828300122841;0.012974349345197428;0.6739130434782609;0.6599664991624791;0.6850921273031826;0.6582914572864321;0.678391959798995;0.6711310174058699;0.010439102593003392;0.6836301950805769;0.6683630195080578;0.6862416107382551;0.6717948717948717;0.6964746345657782;0.681300866337508;0.010176755698148677;403;394;409;393;405;400.8;6.273754856543249;526;516;518;524;543;525.4;9.54148835350125;178;188;186;180;161;178.6;9.54148835350125;195;203;188;204;192;196.4;6.216108107168021;0.421975238698282;0.3936727252789429;0.4209947617812324;0.40384340006300656;0.4514803662904787;0.4183932984223885;0.01968328349978159;0.4221217449530519;0.3937792682543899;0.42099677982969613;0.4041240185152252;0.4520050816829752;0.41860537864706765;0.019797319732723858;0.7105360671936758;0.6964605223085123;0.7104437909243186;0.7013048195523071;0.7248493889904065;0.708718917793844;0.009712944279574936;717.2830610275269;1.2282078266143799;0.7621023513139695;0.7593983546351861;0.7476732161323681;0.7266331658291457;0.7370030581039755;723;930;244;272;0.5199120814259144;0.5200885954650366;0.7593983546351861
